ISIN,Rendimento_annuo%,Perf_1mese%,Perf_6mesi%,Perf_1anno%,Volatilita_annua%,Max_Drawdown%,VaR_95%_giorno,CVaR_95%_giorno,Ulcer_Index,Sharpe_Ratio,Sortino_Ratio,Calmar_Ratio,Omega_Ratio,Pain_Ratio,Beta,Alpha%,R_Squared,Tracking_Error%,Information_Ratio,Winrate%
IE0004L7EQG2,2.15,0.18,,,0.13,-0.01,-0.0,-0.01,0.0019,-11.335,-23.64,179.329,0.182,1117.193,,,,,,89.8
IE000JJPY166,2.02,0.19,,,0.12,-0.01,-0.0,-0.01,0.0022,-13.395,-25.3,164.483,0.104,916.91,,,,,,87.0
LU2898088419,2.28,0.19,,,0.18,-0.04,-0.0,-0.01,0.0056,-7.262,-7.126,62.02,0.271,407.078,,,,,,92.7
LU1923163759,3.96,0.41,1.98,,0.7,-0.06,0.0,-0.0,0.0156,0.533,1.133,67.76,1.12,253.895,,,,,,19.2
IE000O36LOH8,3.75,0.38,,,0.82,-0.18,-0.07,-0.09,0.0318,0.186,0.308,21.122,1.032,117.924,,,,,,58.9
IE000WXLHR76,1.99,0.21,,,0.38,-0.07,-0.03,-0.04,0.0204,-4.16,-7.689,28.62,0.493,97.497,,,,,,60.2
IE000RW7V8Q4,1.89,0.2,,,0.4,-0.09,-0.04,-0.05,0.0269,-4.301,-6.022,20.118,0.48,70.45,,,,,,66.7
IE00BDFC6Q91,3.63,0.49,,,0.94,-0.34,-0.05,-0.1,0.0599,0.045,0.05,10.74,1.009,60.719,,,,,,65.3
LU2533812058,1.92,0.28,,,0.39,-0.17,-0.04,-0.04,0.0409,-4.295,-10.323,11.65,0.497,47.029,,,,,,45.5
IE000SIZJ2B2,1.76,0.15,,,0.68,-0.13,-0.06,-0.08,0.0379,-2.716,-4.402,13.504,0.632,46.346,,,,,,55.3
LU1834988278,70.65,2.52,40.81,,17.66,-5.51,-1.67,-2.44,1.558,3.797,4.899,12.814,1.86,45.343,,,,,,67.2
IE000NBRE3P7,2.02,0.11,,,0.74,-0.16,-0.07,-0.1,0.0468,-2.125,-2.719,12.391,0.685,43.243,,,,,,50.4
LU1923163676,3.65,0.21,1.82,,1.54,-0.37,0.0,-0.0,0.093,0.035,,9.883,1.013,39.223,,,,,,5.6
IE000Q9IHH10,3.13,0.4,,,0.73,-0.3,-0.06,-0.1,0.0841,-0.631,-0.797,10.342,0.896,37.224,,,,,,62.6
LU2941599164,2.99,0.42,,,0.72,-0.29,-0.06,-0.08,0.0919,-0.828,-1.421,10.148,0.863,32.571,,,,,,56.9
IE000VAKCHT4,51.59,8.38,,,24.04,-3.28,0.0,-0.03,1.5886,1.997,1.43,15.72,5.458,32.477,,,,,,4.1
LU1681041114,2.19,0.14,1.09,,1.42,-0.48,-0.11,-0.19,0.0678,-0.984,-1.214,4.553,0.817,32.356,,,,,,58.4
IE000AYJ75E5,2.15,0.24,,,0.85,-0.27,-0.07,-0.11,0.0739,-1.704,-1.886,7.941,0.704,29.117,,,,,,62.6
IE00BD6RZW23,18.89,-2.13,,,11.06,-2.46,-0.32,-0.79,0.6896,1.383,1.592,7.668,2.014,27.39,,,,,,4.9
IE000JNHCBM6,56.13,1.68,,,21.14,-6.48,-1.8,-2.74,2.2335,2.485,3.485,8.657,1.527,25.133,,,,,,55.6
IE0007WMHDE3,35.97,1.96,,,14.0,-4.11,-1.37,-1.87,1.4524,2.313,3.405,8.749,1.47,24.765,,,,,,56.1
IE000AIFGRB9,58.4,-3.08,32.22,,20.18,-9.64,-1.9,-2.83,2.5726,2.716,3.574,6.058,1.583,22.701,,,,,,59.2
IE000CCQKON9,1.9,0.28,,,0.86,-0.29,-0.07,-0.12,0.0869,-1.957,-2.406,6.457,0.676,21.871,,,,,,56.1
IE00BD9MMF62,1.92,0.31,,,0.76,-0.35,-0.06,-0.11,0.0917,-2.193,-2.71,5.518,0.672,20.917,,,,,,59.0
FR0010524777,61.06,11.54,33.85,,21.16,-7.77,-1.99,-2.81,2.9326,2.716,3.758,7.861,1.594,20.821,,,,,,60.0
LU1681046006,44.93,-0.98,,,18.08,-8.74,-1.36,-2.3,2.3143,2.286,3.362,5.143,1.493,19.415,,,,,,54.5
IE0005HNE843,29.2,4.08,,,11.26,-4.18,-1.0,-1.68,1.5065,2.274,2.95,6.995,1.464,19.386,,,,,,57.3
IE000MELAE65,56.55,-4.85,,,21.06,-11.22,-2.04,-3.0,2.9573,2.515,3.185,5.042,1.522,19.124,,,,,,54.8
IE00BK5BCH80,62.27,10.41,33.84,,26.41,-9.85,-2.46,-3.34,3.28,2.222,3.532,6.325,1.453,18.986,,,,,,58.4
IE000J0LN0R5,60.33,-3.91,,,21.22,-12.35,-1.98,-3.09,3.3247,2.674,3.535,4.884,1.558,18.148,,,,,,56.9
FR0013412004,51.61,3.83,27.72,,21.24,-9.51,-2.09,-2.72,3.1007,2.26,3.523,5.427,1.45,16.644,,,,,,54.4
IE00BLCHJH52,38.08,4.83,,,18.77,-7.47,-1.71,-2.28,2.4784,1.838,2.957,5.095,1.339,15.366,,,,,,54.0
LU2976312418,30.73,5.28,,,11.99,-6.52,-1.08,-1.52,2.0581,2.263,3.552,4.713,1.426,14.929,,,,,,61.5
IE000JZYIUN0,49.6,10.73,26.62,,20.0,-8.62,-1.62,-2.56,3.3358,2.301,3.591,5.751,1.46,14.87,,,,,,52.8
IE00BLB2GQ94,8.32,3.09,,,4.64,-1.82,0.0,-0.02,0.565,1.018,,4.561,1.666,14.721,,,,,,5.6
FR0010930644,54.22,8.56,29.53,,20.06,-8.59,-1.84,-2.47,3.7127,2.524,4.047,6.31,1.492,14.604,,,,,,57.6
IE00BF0M2Z96,74.98,17.08,41.16,,33.01,-14.23,-3.09,-4.03,5.1887,2.162,3.458,5.269,1.448,14.45,,,,,,56.0
LU1681041031,2.18,0.3,1.08,,1.74,-0.57,-0.16,-0.25,0.1508,-0.816,-1.048,3.819,0.858,14.432,,,,,,51.2
IE000DR59CI3,86.21,24.74,49.86,,30.28,-13.79,-2.52,-3.48,6.0173,2.728,4.572,6.252,1.61,14.326,,,,,,53.6
LU1681040900,4.06,0.45,2.02,,2.56,-1.0,-0.17,-0.34,0.2837,0.184,0.218,4.061,1.038,14.324,,,,,,55.2
IE00BMYDM919,30.72,5.47,15.97,,13.0,-6.8,-1.03,-1.81,2.2105,2.087,2.898,4.518,1.419,13.899,,,,,,55.2
LU1681046188,33.51,0.0,,,15.56,-4.54,-0.92,-2.06,2.4561,1.922,2.14,7.378,1.586,13.644,,,,,,35.0
IE0009BC6K22,74.68,15.67,41.58,,30.14,-16.11,-2.49,-3.81,5.4774,2.358,3.371,4.637,1.537,13.634,,,,,,58.4
LU2533811910,1.79,0.16,,,1.72,-0.3,-0.18,-0.2,0.1341,-1.051,-1.91,5.876,0.846,13.35,,,,,,53.7
IE0004U3TX15,59.01,24.53,31.62,,26.91,-13.46,-2.37,-2.88,4.5424,2.059,3.786,4.383,1.42,12.99,,,,,,54.4
IE000FF2EBQ8,23.24,3.16,11.88,,10.91,-6.02,-0.95,-1.38,1.8445,1.801,2.829,3.858,1.345,12.599,,,,,,56.0
LU3121015211,51.13,10.54,,,15.61,-10.31,-0.7,-2.26,4.0652,3.046,2.259,4.958,2.088,12.578,,,,,,41.4
LU1900066033,73.82,22.7,,,36.98,-14.85,-3.34,-4.15,5.8713,1.899,3.459,4.97,1.375,12.573,,,,,,54.1
IE000YU9K6K2,92.14,7.58,,,46.37,-20.2,-4.04,-4.69,7.4089,1.91,3.78,4.563,1.364,12.437,,,,,,57.3
IE000IAPH329,5.25,1.53,,,2.8,-1.68,-0.14,-0.35,0.4322,0.591,0.384,3.129,1.198,12.142,,,,,,23.0
